Sequence|Question|Options|Answer
1|對善意無過失之相對人而言，以下何種情形不成立表見代理？|本人將支票、印章交與他人保管，而該他人擅自簽發支票者|0
1|對善意無過失之相對人而言，以下何種情形不成立表見代理？|他人利用本人交付之印章、印鑑證明、戶口名簿等，以本人名義為逾越本人授權範圍外之其他法律行為者|1
1|對善意無過失之相對人而言，以下何種情形不成立表見代理？|他人持公司印發之支店名片，自稱為公司之營業代理人，公司明知而不為反對之表示者|0
1|對善意無過失之相對人而言，以下何種情形不成立表見代理？|他人利用本人交付蓋有私章及其經營工廠廠章之空白合約與收據，與相對人簽訂契約並收取定金者|0
2|甲到乙所開設之服飾店選購衣服，最後選中1件外套，售價為1萬元。於付款時，甲發現其身上只帶8千元。然而乙對甲表示，不足之2千元可以下次再付，外套可先帶回家。甲則表示，當晚即會帶2千元來付清價款。然而，當晚甲未回到乙之服飾店。經過6年後，乙在高鐵車上巧遇甲，且乙請求甲付清2千元。下列敘述何者正確？|乙之請求權時效為2年，所以乙之請求權已消滅|0
2|甲到乙所開設之服飾店選購衣服，最後選中1件外套，售價為1萬元。於付款時，甲發現其身上只帶8千元。然而乙對甲表示，不足之2千元可以下次再付，外套可先帶回家。甲則表示，當晚即會帶2千元來付清價款。然而，當晚甲未回到乙之服飾店。經過6年後，乙在高鐵車上巧遇甲，且乙請求甲付清2千元。下列敘述何者正確？|乙之請求權時效為15年，甲不得為任何抗辯|0
2|甲到乙所開設之服飾店選購衣服，最後選中1件外套，售價為1萬元。於付款時，甲發現其身上只帶8千元。然而乙對甲表示，不足之2千元可以下次再付，外套可先帶回家。甲則表示，當晚即會帶2千元來付清價款。然而，當晚甲未回到乙之服飾店。經過6年後，乙在高鐵車上巧遇甲，且乙請求甲付清2千元。下列敘述何者正確？|乙之請求權時效為5年，所以甲得拒絕給付2千元|0
2|甲到乙所開設之服飾店選購衣服，最後選中1件外套，售價為1萬元。於付款時，甲發現其身上只帶8千元。然而乙對甲表示，不足之2千元可以下次再付，外套可先帶回家。甲則表示，當晚即會帶2千元來付清價款。然而，當晚甲未回到乙之服飾店。經過6年後，乙在高鐵車上巧遇甲，且乙請求甲付清2千元。下列敘述何者正確？|乙之請求權時效為2年，所以甲得拒絕給付2千元|1
3|甲向乙承租房屋，嗣甲離去承租居住之房屋後，行蹤不明，乙非因自己之過失而不知甲之新住居所。乙以書面通知甲終止房屋租賃契約，此項終止房屋租賃契約之書面通知，下列敘述，何者正確？|送達於甲原承租居住之房屋（處所）時生效|0
3|甲向乙承租房屋，嗣甲離去承租居住之房屋後，行蹤不明，乙非因自己之過失而不知甲之新住居所。乙以書面通知甲終止房屋租賃契約，此項終止房屋租賃契約之書面通知，下列敘述，何者正確？|送達於甲先前曾居住過之房屋（處所）時生效|0
3|甲向乙承租房屋，嗣甲離去承租居住之房屋後，行蹤不明，乙非因自己之過失而不知甲之新住居所。乙以書面通知甲終止房屋租賃契約，此項終止房屋租賃契約之書面通知，下列敘述，何者正確？|須依民事訴訟法寄存送達之規定，以寄存送達方式為通知|0
3|甲向乙承租房屋，嗣甲離去承租居住之房屋後，行蹤不明，乙非因自己之過失而不知甲之新住居所。乙以書面通知甲終止房屋租賃契約，此項終止房屋租賃契約之書面通知，下列敘述，何者正確？|須依民事訴訟法公示送達之規定，以公示送達方式為通知|1
4|甲、乙2人通謀將甲所有之土地虛偽出賣於乙，丙知買賣之存在但不知其為虛偽，而由乙受讓該土地，下列敘述，何者正確？|甲得對丙主張其虛偽意思表示無效|0
4|甲、乙2人通謀將甲所有之土地虛偽出賣於乙，丙知買賣之存在但不知其為虛偽，而由乙受讓該土地，下列敘述，何者正確？|丙知買賣之存在，非屬善意，甲得對抗之|0
4|甲、乙2人通謀將甲所有之土地虛偽出賣於乙，丙知買賣之存在但不知其為虛偽，而由乙受讓該土地，下列敘述，何者正確？|丙雖知甲與乙為意思表示，但不知其為虛偽意思表示，丙仍為善意，甲不得對抗之|1
4|甲、乙2人通謀將甲所有之土地虛偽出賣於乙，丙知買賣之存在但不知其為虛偽，而由乙受讓該土地，下列敘述，何者正確？|甲乙間之虛偽意思表示有效|0
5|現年18歲之甲向其父母乙丙表示，其決定學習自立更生，欲在夜市擺地攤賣衣服。乙及丙認為甲之想法將有助於甲成長。其2人便同意甲擺地攤賣衣服。試問：甲向服飾中盤商丁購買一批衣服，甲丁間之買賣契約效力為何？|自始無效|0
5|現年18歲之甲向其父母乙丙表示，其決定學習自立更生，欲在夜市擺地攤賣衣服。乙及丙認為甲之想法將有助於甲成長。其2人便同意甲擺地攤賣衣服。試問：甲向服飾中盤商丁購買一批衣服，甲丁間之買賣契約效力為何？|效力未定|0
5|現年18歲之甲向其父母乙丙表示，其決定學習自立更生，欲在夜市擺地攤賣衣服。乙及丙認為甲之想法將有助於甲成長。其2人便同意甲擺地攤賣衣服。試問：甲向服飾中盤商丁購買一批衣服，甲丁間之買賣契約效力為何？|有效，且無瑕疵|1
5|現年18歲之甲向其父母乙丙表示，其決定學習自立更生，欲在夜市擺地攤賣衣服。乙及丙認為甲之想法將有助於甲成長。其2人便同意甲擺地攤賣衣服。試問：甲向服飾中盤商丁購買一批衣服，甲丁間之買賣契約效力為何？|有效，但得撤銷|0
6|甲有1筆土地，乙擅自在該土地上種植果樹，並澆水施肥。不久，甲先將該土地出租並交付於丙，租期3年，且辦理公證，然後又將該土地出賣並移轉所有權登記於丁。問：何人對果樹上之果實，有收取權？|甲|0
6|甲有1筆土地，乙擅自在該土地上種植果樹，並澆水施肥。不久，甲先將該土地出租並交付於丙，租期3年，且辦理公證，然後又將該土地出賣並移轉所有權登記於丁。問：何人對果樹上之果實，有收取權？|乙|0
6|甲有1筆土地，乙擅自在該土地上種植果樹，並澆水施肥。不久，甲先將該土地出租並交付於丙，租期3年，且辦理公證，然後又將該土地出賣並移轉所有權登記於丁。問：何人對果樹上之果實，有收取權？|丙|1
6|甲有1筆土地，乙擅自在該土地上種植果樹，並澆水施肥。不久，甲先將該土地出租並交付於丙，租期3年，且辦理公證，然後又將該土地出賣並移轉所有權登記於丁。問：何人對果樹上之果實，有收取權？|丁|0
7|甲因臨時急需用錢，乃向乙借款200萬元，惟雙方約定甲須支付以週年百分之三十五計算之利息，而當時一般借款之週年利率為百分之五，關於此項支付利息之約定，下列敘述，何者正確？|甲得聲請法院減輕其利息之給付，法院得將利息減輕至週年百分之二十以下|0
7|甲因臨時急需用錢，乃向乙借款200萬元，惟雙方約定甲須支付以週年百分之三十五計算之利息，而當時一般借款之週年利率為百分之五，關於此項支付利息之約定，下列敘述，何者正確？|甲得聲請法院減輕其利息之給付，法院僅得將利息減輕至週年百分之二十|0
7|甲因臨時急需用錢，乃向乙借款200萬元，惟雙方約定甲須支付以週年百分之三十五計算之利息，而當時一般借款之週年利率為百分之五，關於此項支付利息之約定，下列敘述，何者正確？|甲得對乙主張超過週年百分之二十部分之利息，其約定無效|0
7|甲因臨時急需用錢，乃向乙借款200萬元，惟雙方約定甲須支付以週年百分之三十五計算之利息，而當時一般借款之週年利率為百分之五，關於此項支付利息之約定，下列敘述，何者正確？|甲對乙主張超過週年百分之二十部分之利息無請求權|1
8|依民法規定，關於社團總會之決議，下列敘述，何者錯誤？|應有全體社員過半數之出席，出席社員過半數之同意|0
8|依民法規定，關於社團總會之決議，下列敘述，何者錯誤？|每一社員，不問出資多寡，表決權平等|0
8|依民法規定，關於社團總會之決議，下列敘述，何者錯誤？|除章程另有限制外，社員得以書面授權他人代理行使表決權|0
8|依民法規定，關於社團總會之決議，下列敘述，何者錯誤？|社員對於總會決議事項，因自身利害關係而有損害社團利益之虞時，該社員不得加入表決，但得代理他人行使表決權|1
9|甲在乙之銀樓未經詢問乙的意見，自以為一個特定的戒指是純金的，乃指著該特定戒指說：「我要購買這個戒指」。買賣契約成立後，甲持往鑑定，驚覺該戒指竟是鍍金的，乃向乙主張誤買，問該契約效力為何？|有效|1
9|甲在乙之銀樓未經詢問乙的意見，自以為一個特定的戒指是純金的，乃指著該特定戒指說：「我要購買這個戒指」。買賣契約成立後，甲持往鑑定，驚覺該戒指竟是鍍金的，乃向乙主張誤買，問該契約效力為何？|無效|0
9|甲在乙之銀樓未經詢問乙的意見，自以為一個特定的戒指是純金的，乃指著該特定戒指說：「我要購買這個戒指」。買賣契約成立後，甲持往鑑定，驚覺該戒指竟是鍍金的，乃向乙主張誤買，問該契約效力為何？|得撤銷|0
9|甲在乙之銀樓未經詢問乙的意見，自以為一個特定的戒指是純金的，乃指著該特定戒指說：「我要購買這個戒指」。買賣契約成立後，甲持往鑑定，驚覺該戒指竟是鍍金的，乃向乙主張誤買，問該契約效力為何？|效力未定|0
10|甲、乙及丙為A社團法人之董事，任期為3年。然於次一年度之社員超過三分之二出席之社員總會中，經出席社員四分之三表決通過下，將丙之代表權剝奪。雖然有上述之決議，丙仍以A社團法人之代表人自居，向善意之丁購買1台供社團使用之汽車，並向惡意之戊購買1台辦公室所需之電腦。下列敘述何者正確？|社團董事於任期內之代表權不得剝奪|0
10|甲、乙及丙為A社團法人之董事，任期為3年。然於次一年度之社員超過三分之二出席之社員總會中，經出席社員四分之三表決通過下，將丙之代表權剝奪。雖然有上述之決議，丙仍以A社團法人之代表人自居，向善意之丁購買1台供社團使用之汽車，並向惡意之戊購買1台辦公室所需之電腦。下列敘述何者正確？|A社團法人對戊得以丙無代表權對抗之|0
10|甲、乙及丙為A社團法人之董事，任期為3年。然於次一年度之社員超過三分之二出席之社員總會中，經出席社員四分之三表決通過下，將丙之代表權剝奪。雖然有上述之決議，丙仍以A社團法人之代表人自居，向善意之丁購買1台供社團使用之汽車，並向惡意之戊購買1台辦公室所需之電腦。下列敘述何者正確？|丁得主張與丙成立之買賣契約對A社團法人有效，A社團法人不得對抗之|1
10|甲、乙及丙為A社團法人之董事，任期為3年。然於次一年度之社員超過三分之二出席之社員總會中，經出席社員四分之三表決通過下，將丙之代表權剝奪。雖然有上述之決議，丙仍以A社團法人之代表人自居，向善意之丁購買1台供社團使用之汽車，並向惡意之戊購買1台辦公室所需之電腦。下列敘述何者正確？|上述兩個契約之效力未定|0
11|下列何種習慣，具有法源效力？|祭祀公業不問是否具備法人要件，均得視為法人之習慣|0
11|下列何種習慣，具有法源效力？|金融業將利息滾入原本再生利息之習慣|1
11|下列何種習慣，具有法源效力？|不動產近鄰有先買權之習慣|0
11|下列何種習慣，具有法源效力？|賣產應先問親房之習慣|0
12|甲乙雙方為準備商議訂立契約，甲因而得知乙方之秘密，乙就訂約重要事項多所詢問。依民法規定，在下列何種情況下，契約未成立時，甲應就乙信賴契約能成立致受損害，負賠償責任？|甲因輕過失而洩漏該秘密，乙與有過失|0
12|甲乙雙方為準備商議訂立契約，甲因而得知乙方之秘密，乙就訂約重要事項多所詢問。依民法規定，在下列何種情況下，契約未成立時，甲應就乙信賴契約能成立致受損害，負賠償責任？|甲對乙之詢問因重大過失而說明有誤，乙與有過失|0
12|甲乙雙方為準備商議訂立契約，甲因而得知乙方之秘密，乙就訂約重要事項多所詢問。依民法規定，在下列何種情況下，契約未成立時，甲應就乙信賴契約能成立致受損害，負賠償責任？|甲對乙之詢問因輕過失而說明有誤，乙無過失|0
12|甲乙雙方為準備商議訂立契約，甲因而得知乙方之秘密，乙就訂約重要事項多所詢問。依民法規定，在下列何種情況下，契約未成立時，甲應就乙信賴契約能成立致受損害，負賠償責任？|乙方明示甲應予保密，甲故意洩漏該秘密，乙無過失|1
13|依民法規定，旅客運送人對旅客所負之責任，下列敘述，何者錯誤？|因旅客之過失所致之旅客傷害，旅客運送人可免責|0
13|依民法規定，旅客運送人對旅客所負之責任，下列敘述，何者錯誤？|因不可抗力所致之旅客傷害，旅客運送人可免責|0
13|依民法規定，旅客運送人對旅客所負之責任，下列敘述，何者錯誤？|因不可抗力所致之旅客運送遲到，旅客運送人可免責|1
13|依民法規定，旅客運送人對旅客所負之責任，下列敘述，何者錯誤？|旅客運送人因運送遲到所負之責任，以旅客因遲到而增加支出之必要費用為限|0
14|甲未告知乙，即以自己名義將乙所有之房屋出售於丙，嗣後無法履行契約。下列關於甲、丙間買賣契約效力之敘述，何者正確？|因是自始客觀不能，契約無效，丙得請求履行利益之損害賠償|0
14|甲未告知乙，即以自己名義將乙所有之房屋出售於丙，嗣後無法履行契約。下列關於甲、丙間買賣契約效力之敘述，何者正確？|因是自始主觀不能，契約有效，丙得請求信賴利益之損害賠償|0
14|甲未告知乙，即以自己名義將乙所有之房屋出售於丙，嗣後無法履行契約。下列關於甲、丙間買賣契約效力之敘述，何者正確？|因是自始主觀不能，契約有效，丙得請求履行利益之損害賠償|1
14|甲未告知乙，即以自己名義將乙所有之房屋出售於丙，嗣後無法履行契約。下列關於甲、丙間買賣契約效力之敘述，何者正確？|因是自始客觀不能，契約無效，丙得請求信賴利益之損害賠償|0
15|依民法規定，運送物之喪失、毀損或遲到，係因運送人之故意或重大過失所致者，運送人所負之損害賠償範圍，下列敘述，何者正確？|僅就託運人所受損害負賠償責任|0
15|依民法規定，運送物之喪失、毀損或遲到，係因運送人之故意或重大過失所致者，運送人所負之損害賠償範圍，下列敘述，何者正確？|僅就託運人所失利益負賠償責任|0
15|依民法規定，運送物之喪失、毀損或遲到，係因運送人之故意或重大過失所致者，運送人所負之損害賠償範圍，下列敘述，何者正確？|須就託運人所受損害與所失利益負賠償責任|1
15|依民法規定，運送物之喪失、毀損或遲到，係因運送人之故意或重大過失所致者，運送人所負之損害賠償範圍，下列敘述，何者正確？|損害賠償範圍同運送人之輕過失責任|0
16|乙向甲訂購花瓶1只，甲依約送至乙家，惟乙因病住院無法受領，甲乃將花瓶送回其商店，途中因甲之輕過失發生車禍致花瓶破裂而給付不能。下列敘述，何者正確？|甲乙間契約關係消滅|0
16|乙向甲訂購花瓶1只，甲依約送至乙家，惟乙因病住院無法受領，甲乃將花瓶送回其商店，途中因甲之輕過失發生車禍致花瓶破裂而給付不能。下列敘述，何者正確？|乙依法仍須支付價金|1
16|乙向甲訂購花瓶1只，甲依約送至乙家，惟乙因病住院無法受領，甲乃將花瓶送回其商店，途中因甲之輕過失發生車禍致花瓶破裂而給付不能。下列敘述，何者正確？|乙得向甲請求損害賠償|0
16|乙向甲訂購花瓶1只，甲依約送至乙家，惟乙因病住院無法受領，甲乃將花瓶送回其商店，途中因甲之輕過失發生車禍致花瓶破裂而給付不能。下列敘述，何者正確？|甲得解除契約|0
17|甲將自己所有值10萬元之古董出賣於乙，甲、乙另約定乙應容甲於出賣後之5年內予以買回，但乙卻在甲乙依約履行債務後之次年，將之轉賣並交付於不知情之第三人丙。下列敘述，何者錯誤？|甲不得向丙為任何之主張|0
17|甲將自己所有值10萬元之古董出賣於乙，甲、乙另約定乙應容甲於出賣後之5年內予以買回，但乙卻在甲乙依約履行債務後之次年，將之轉賣並交付於不知情之第三人丙。下列敘述，何者錯誤？|甲如要買回其古董，除甲、乙另有約定外，應以原賣價始為有效|0
17|甲將自己所有值10萬元之古董出賣於乙，甲、乙另約定乙應容甲於出賣後之5年內予以買回，但乙卻在甲乙依約履行債務後之次年，將之轉賣並交付於不知情之第三人丙。下列敘述，何者錯誤？|甲如向丙有所主張時，應以丙係屬惡意為要件|1
17|甲將自己所有值10萬元之古董出賣於乙，甲、乙另約定乙應容甲於出賣後之5年內予以買回，但乙卻在甲乙依約履行債務後之次年，將之轉賣並交付於不知情之第三人丙。下列敘述，何者錯誤？|甲對乙得行使買回的期間，不得超過自契約生效後5年|0
18|乙闖紅燈橫越馬路，卻遭超速行駛之甲所駕之車撞倒。乙身受重傷，甲所駕之車卻毫無損害。下列敘述，何者正確？|甲對乙，乙對甲分別成立損害賠償責任，因甲、乙兩人各有過失|0
18|乙闖紅燈橫越馬路，卻遭超速行駛之甲所駕之車撞倒。乙身受重傷，甲所駕之車卻毫無損害。下列敘述，何者正確？|甲對乙不成立損害賠償責任，因被害人乙有過失|0
18|乙闖紅燈橫越馬路，卻遭超速行駛之甲所駕之車撞倒。乙身受重傷，甲所駕之車卻毫無損害。下列敘述，何者正確？|甲對乙成立損害賠償責任，惟法院得減輕賠償金額或免除甲之責任，因被害人乙與有過失|1
18|乙闖紅燈橫越馬路，卻遭超速行駛之甲所駕之車撞倒。乙身受重傷，甲所駕之車卻毫無損害。下列敘述，何者正確？|甲與乙成立連帶損害賠償責任|0
19|V社團法人有董事甲、乙、丙、丁4人，其章程規定以甲、乙2位董事為對外之代表人。下列敘述，何者正確？|丙、丁2人之對外代表權全被剝奪，此等事項為社團法人之應登記事項，非經登記，不得對抗第3人|1
19|V社團法人有董事甲、乙、丙、丁4人，其章程規定以甲、乙2位董事為對外之代表人。下列敘述，何者正確？|丙、丁2人之對外代表權全被剝奪，此項限制能否對抗第3人，以該第3人是否善意而定|0
19|V社團法人有董事甲、乙、丙、丁4人，其章程規定以甲、乙2位董事為對外之代表人。下列敘述，何者正確？|丙、丁2人之對外代表權並未全被剝奪，此項限制能否對抗第3人，以該第3人是否善意而定|0
19|V社團法人有董事甲、乙、丙、丁4人，其章程規定以甲、乙2位董事為對外之代表人。下列敘述，何者正確？|丙、丁2人之對外代表權並未全被剝奪，此等事項為社團法人之應登記事項，非經登記，不得對抗善意第3人|0
20|甲將其所有A屋出賣於乙並辦妥移轉登記，隨後，乙即將A屋出租於丙並將A屋交付給丙占有。一個月後，甲因乙未在約定日期給付尾款，經甲定期催告後依法解除契約並請求返還A屋，乙亦隨即將A屋移轉登記予甲。下列敘述，何者正確？|甲得向丙主張民法第767條請求返還A屋之占有|0
20|甲將其所有A屋出賣於乙並辦妥移轉登記，隨後，乙即將A屋出租於丙並將A屋交付給丙占有。一個月後，甲因乙未在約定日期給付尾款，經甲定期催告後依法解除契約並請求返還A屋，乙亦隨即將A屋移轉登記予甲。下列敘述，何者正確？|甲解除與乙之買賣契約後，乙、丙間租賃契約隨之無效|0
20|甲將其所有A屋出賣於乙並辦妥移轉登記，隨後，乙即將A屋出租於丙並將A屋交付給丙占有。一個月後，甲因乙未在約定日期給付尾款，經甲定期催告後依法解除契約並請求返還A屋，乙亦隨即將A屋移轉登記予甲。下列敘述，何者正確？|乙、丙間租賃契約，對甲仍繼續存在|1
20|甲將其所有A屋出賣於乙並辦妥移轉登記，隨後，乙即將A屋出租於丙並將A屋交付給丙占有。一個月後，甲因乙未在約定日期給付尾款，經甲定期催告後依法解除契約並請求返還A屋，乙亦隨即將A屋移轉登記予甲。下列敘述，何者正確？|甲解除契約後，縱乙尚未將A屋所有權移轉登記於甲，甲已回復A屋所有人之地位|0
21|甲對乙有300萬元之債權，由丙以自有房地A設定普通抵押權予以擔保之，後乙經甲之同意，將其中之150萬元債務由丁承擔之。下列敘述，何者正確？|乙、丁應就此300萬元之債務對甲成立連帶債務|0
21|甲對乙有300萬元之債權，由丙以自有房地A設定普通抵押權予以擔保之，後乙經甲之同意，將其中之150萬元債務由丁承擔之。下列敘述，何者正確？|丙應就乙、丁債務負物上保證之責任|1
21|甲對乙有300萬元之債權，由丙以自有房地A設定普通抵押權予以擔保之，後乙經甲之同意，將其中之150萬元債務由丁承擔之。下列敘述，何者正確？|丙仍僅就乙對甲之給付負物上保證之責任|1
21|甲對乙有300萬元之債權，由丙以自有房地A設定普通抵押權予以擔保之，後乙經甲之同意，將其中之150萬元債務由丁承擔之。下列敘述，何者正確？|丙從此免去其對乙、丁之物上保證之責任|0
22|甲年滿20歲，因出國遊玩，乃將其飼養之貓託給16歲弟弟乙照顧。某日乙帶貓出門買晚餐時，店家老闆丙所飼養之狗對該貓吠叫致貓受到驚嚇，跳躍到另一客人丁之身上並將丁之臉部抓傷。下列敘述，何者正確？|因為該貓乃因丙飼養之狗而受到驚嚇，丁不得向乙求償，而僅得對丙主張侵權行為之損害賠償|0
22|甲年滿20歲，因出國遊玩，乃將其飼養之貓託給16歲弟弟乙照顧。某日乙帶貓出門買晚餐時，店家老闆丙所飼養之狗對該貓吠叫致貓受到驚嚇，跳躍到另一客人丁之身上並將丁之臉部抓傷。下列敘述，何者正確？|乙雖非所有權人且未成年，丁仍應向乙主張侵權行為之損害賠償|1
22|甲年滿20歲，因出國遊玩，乃將其飼養之貓託給16歲弟弟乙照顧。某日乙帶貓出門買晚餐時，店家老闆丙所飼養之狗對該貓吠叫致貓受到驚嚇，跳躍到另一客人丁之身上並將丁之臉部抓傷。下列敘述，何者正確？|若丁因臉部被抓傷，而失去原本預計拍雜誌廣告之機會，因為此與加害行為無因果關係，仍不得主張為損害賠償之範圍|0
22|甲年滿20歲，因出國遊玩，乃將其飼養之貓託給16歲弟弟乙照顧。某日乙帶貓出門買晚餐時，店家老闆丙所飼養之狗對該貓吠叫致貓受到驚嚇，跳躍到另一客人丁之身上並將丁之臉部抓傷。下列敘述，何者正確？|承C之事實，該雜誌因沒有丁之廣告致銷售量下跌，因為此與丁受侵害有因果關係，故雜誌社得向侵權行為人主張損害賠償|0
23|甲向乙訂製西裝1套。下列敘述，何者正確？|若甲添購該套西裝，係為結婚而訂製，雙方並因而定有交付日，乙並未如期履行，甲須於催告後始得終止契約|0
23|甲向乙訂製西裝1套。下列敘述，何者正確？|若甲添購該套西裝，特地為結婚而訂製，雙方未定有交付日，因恐西裝來不及供結婚當日穿著，故甲得催告乙交付西裝而乙不履行後，逕行終止契約|0
23|甲向乙訂製西裝1套。下列敘述，何者正確？|若甲乙雙方未定有交付日，甲得催告乙交付西裝而乙不履行後，逕行解除契約|0
23|甲向乙訂製西裝1套。下列敘述，何者正確？|若甲乙雙方定有交付日，乙未如期履行，甲得於定相當期限催告乙交付西裝而乙不履行後解除契約|1
24|甲將A車出質於乙，乙將A車轉質於丙，丙將A車交付於其同居之家屬丁保管。何人非直接占有人或間接占有人？|甲|0
24|甲將A車出質於乙，乙將A車轉質於丙，丙將A車交付於其同居之家屬丁保管。何人非直接占有人或間接占有人？|乙|0
24|甲將A車出質於乙，乙將A車轉質於丙，丙將A車交付於其同居之家屬丁保管。何人非直接占有人或間接占有人？|丙|0
24|甲將A車出質於乙，乙將A車轉質於丙，丙將A車交付於其同居之家屬丁保管。何人非直接占有人或間接占有人？|丁|1
25|下列關於普通地上權之敘述，何者正確？|土地所有權讓與時，已預付之地租，非經登記，不生效力|0
25|下列關於普通地上權之敘述，何者正確？|地上權約定之使用方法，非經登記，不生效力|0
25|下列關於普通地上權之敘述，何者正確？|「地上權人不得將其權利讓與他人」之約定，非經登記，不生效力|0
25|下列關於普通地上權之敘述，何者正確？|地上權人原則上得將其權利讓與他人或設定抵押權|1
26|民法第943條規定：「占有人於占有物上行使之權利，推定其適法有此權利。」下列敘述，何者正確？|惡意占有人無本條之適用|0
26|民法第943條規定：「占有人於占有物上行使之權利，推定其適法有此權利。」下列敘述，何者正確？|不動產所有權經登記者，占有人於占有物上行使所有權，不受本條之推定|1
26|民法第943條規定：「占有人於占有物上行使之權利，推定其適法有此權利。」下列敘述，何者正確？|占有人於占有物上行使債權，始有本條之適用|0
26|民法第943條規定：「占有人於占有物上行使之權利，推定其適法有此權利。」下列敘述，何者正確？|占有人於占有物上行使物權，始有本條之適用|0
27|甲在自己之A屋整體之外加建B簡易廚房，不慎逾越地界至鄰人乙之C地，乙知其越界而未立即提出異議。下列敘述，何者錯誤？|乙不得請求甲移去或變更B廚房，但甲對C地因此所受之損害，應支付償金|1
27|甲在自己之A屋整體之外加建B簡易廚房，不慎逾越地界至鄰人乙之C地，乙知其越界而未立即提出異議。下列敘述，何者錯誤？|乙得請求甲移去或變更B廚房|0
27|甲在自己之A屋整體之外加建B簡易廚房，不慎逾越地界至鄰人乙之C地，乙知其越界而未立即提出異議。下列敘述，何者錯誤？|C地上之承租人丙得請求甲移去或變更B廚房|0
27|甲在自己之A屋整體之外加建B簡易廚房，不慎逾越地界至鄰人乙之C地，乙知其越界而未立即提出異議。下列敘述，何者錯誤？|乙對A屋之善意受讓人丁得請求移去或變更B廚房|0
28|關於袋地通行權，下列敘述，何者正確？|土地係因所有人之任意行為成為袋地者，土地所有人得通行周圍地以至公路|0
28|關於袋地通行權，下列敘述，何者正確？|因土地分割而成為準袋地者，有通行權人之通行地以他分割人之所有地為限|1
28|關於袋地通行權，下列敘述，何者正確？|有通行權人對於通行地所有人，得請求以相當之價額購買通行地|0
28|關於袋地通行權，下列敘述，何者正確？|數宗土地同屬於一人所有，同時分別讓與數人而形成袋地者，有通行權人就其通行應支付償金|0
29|甲對乙有請求給付金錶之債權，以之為丙設定質權擔保對丙之新臺幣（以下同）80萬元債務。下列有關甲、乙、丙間法律關係之敘述，何者正確？|若給付金錶之債權先到期，80萬元債權尚未到期，丙有權請求乙提存金錶|0
29|甲對乙有請求給付金錶之債權，以之為丙設定質權擔保對丙之新臺幣（以下同）80萬元債務。下列有關甲、乙、丙間法律關係之敘述，何者正確？|若80萬元債權先到期，給付金錶之債權尚未到期，丙有權請求乙提存金錶|0
29|甲對乙有請求給付金錶之債權，以之為丙設定質權擔保對丙之新臺幣（以下同）80萬元債務。下列有關甲、乙、丙間法律關係之敘述，何者正確？|若給付金錶之債權先到期，80萬元債權尚未到期，丙有權請求乙給付金錶|1
29|甲對乙有請求給付金錶之債權，以之為丙設定質權擔保對丙之新臺幣（以下同）80萬元債務。下列有關甲、乙、丙間法律關係之敘述，何者正確？|若80萬元債權先到期，給付金錶之債權尚未到期，丙有權請求乙給付金錶|0
30|甲之房屋為乙設定普通抵押權擔保丙之負債，其後因甲之過失以致部分燒毀，乙定期請求甲回復原狀，甲不予理會，擔保債務清償期尚未屆至，乙有何法定權利以維護其利益？|逕行請求丙清償債務|0
30|甲之房屋為乙設定普通抵押權擔保丙之負債，其後因甲之過失以致部分燒毀，乙定期請求甲回復原狀，甲不予理會，擔保債務清償期尚未屆至，乙有何法定權利以維護其利益？|定期請求丙補提擔保|1
30|甲之房屋為乙設定普通抵押權擔保丙之負債，其後因甲之過失以致部分燒毀，乙定期請求甲回復原狀，甲不予理會，擔保債務清償期尚未屆至，乙有何法定權利以維護其利益？|逕行請求甲清償債務|0
30|甲之房屋為乙設定普通抵押權擔保丙之負債，其後因甲之過失以致部分燒毀，乙定期請求甲回復原狀，甲不予理會，擔保債務清償期尚未屆至，乙有何法定權利以維護其利益？|定期請求丙在其所受利益內補提擔保|0
31|甲向丁借1500萬元，甲以其所有之A地、乙所有之B地及丙所有之C地設定抵押權予丁，以擔保丁對甲之債權。嗣後，甲未清償，丁即向法院聲請拍賣A地、B地及C地，分別賣得300萬元、500萬元及800萬元。請問丁應以何筆土地賣得之價金主張優先受償？|A地|1
31|甲向丁借1500萬元，甲以其所有之A地、乙所有之B地及丙所有之C地設定抵押權予丁，以擔保丁對甲之債權。嗣後，甲未清償，丁即向法院聲請拍賣A地、B地及C地，分別賣得300萬元、500萬元及800萬元。請問丁應以何筆土地賣得之價金主張優先受償？|B地|0
31|甲向丁借1500萬元，甲以其所有之A地、乙所有之B地及丙所有之C地設定抵押權予丁，以擔保丁對甲之債權。嗣後，甲未清償，丁即向法院聲請拍賣A地、B地及C地，分別賣得300萬元、500萬元及800萬元。請問丁應以何筆土地賣得之價金主張優先受償？|C地|0
31|甲向丁借1500萬元，甲以其所有之A地、乙所有之B地及丙所有之C地設定抵押權予丁，以擔保丁對甲之債權。嗣後，甲未清償，丁即向法院聲請拍賣A地、B地及C地，分別賣得300萬元、500萬元及800萬元。請問丁應以何筆土地賣得之價金主張優先受償？|A地、B地及C地|0
32|甲將所有之土地一宗設定地上權於乙，乙在該地建築房屋一棟。嗣為擔保對丙之欠債，乙將上開房屋設定普通抵押權於丙，至清償期屆至，乙無力還債，丙實行抵押權。下列敘述，何者正確？|丙得聲請將地上權與抵押物一併拍賣，但地上權賣得之價金，丙無優先受償權|1
32|甲將所有之土地一宗設定地上權於乙，乙在該地建築房屋一棟。嗣為擔保對丙之欠債，乙將上開房屋設定普通抵押權於丙，至清償期屆至，乙無力還債，丙實行抵押權。下列敘述，何者正確？|地上權為抵押房屋之從權利，故為抵押權效力所及，從而地上權賣得之價金，丙有優先受償權|0
32|甲將所有之土地一宗設定地上權於乙，乙在該地建築房屋一棟。嗣為擔保對丙之欠債，乙將上開房屋設定普通抵押權於丙，至清償期屆至，乙無力還債，丙實行抵押權。下列敘述，何者正確？|房屋設定抵押權之效力，除當事人另有約定外，及於地上權|0
32|甲將所有之土地一宗設定地上權於乙，乙在該地建築房屋一棟。嗣為擔保對丙之欠債，乙將上開房屋設定普通抵押權於丙，至清償期屆至，乙無力還債，丙實行抵押權。下列敘述，何者正確？|房屋與其地上權應一併設定抵押權，始屬有效|1
33|甲之土地為通行之方便，經乙之同意，在乙之土地上設定通行不動產役權。其後，甲為擔保對丙之欠債，將自己之上述土地設定普通抵押權於丙。清償期屆至，甲不能清償債務，丙實行抵押權。下列敘述，何者正確？|甲之土地即抵押物與其通行不動產役權，應併附拍賣，但通行不動產役權賣得之價金，丙無優先受償權|0
33|甲之土地為通行之方便，經乙之同意，在乙之土地上設定通行不動產役權。其後，甲為擔保對丙之欠債，將自己之上述土地設定普通抵押權於丙。清償期屆至，甲不能清償債務，丙實行抵押權。下列敘述，何者正確？|丙對甲之土地所設定抵押權之效力，及於通行不動產役權|1
33|甲之土地為通行之方便，經乙之同意，在乙之土地上設定通行不動產役權。其後，甲為擔保對丙之欠債，將自己之上述土地設定普通抵押權於丙。清償期屆至，甲不能清償債務，丙實行抵押權。下列敘述，何者正確？|甲之土地及其通行不動產役權未一併設定普通抵押權，違反不動產役權之不可分性，故屬無效|0
33|甲之土地為通行之方便，經乙之同意，在乙之土地上設定通行不動產役權。其後，甲為擔保對丙之欠債，將自己之上述土地設定普通抵押權於丙。清償期屆至，甲不能清償債務，丙實行抵押權。下列敘述，何者正確？|甲、丙間設定抵押權之內容，若未及於通行不動產役權者，該通行不動產役權即不得併附拍賣|0
34|甲將A地設定普通抵押權，第1順位設定於乙，設定第2順位於丙、丁，設定第3順位於戊。試問：丙得以何種方法調整其可優先受償之分配額於丁？|次序權之讓與|1
34|甲將A地設定普通抵押權，第1順位設定於乙，設定第2順位於丙、丁，設定第3順位於戊。試問：丙得以何種方法調整其可優先受償之分配額於丁？|次序權之變更|0
34|甲將A地設定普通抵押權，第1順位設定於乙，設定第2順位於丙、丁，設定第3順位於戊。試問：丙得以何種方法調整其可優先受償之分配額於丁？|次序權之絕對拋棄|0
34|甲將A地設定普通抵押權，第1順位設定於乙，設定第2順位於丙、丁，設定第3順位於戊。試問：丙得以何種方法調整其可優先受償之分配額於丁？|次序權之相對拋棄|0
35|甲有下列財產權，試問：何者得單獨成為甲向乙融資時，設定權利質權之標的物？|A地之地上權|0
35|甲有下列財產權，試問：何者得單獨成為甲向乙融資時，設定權利質權之標的物？|B地之不動產役權|0
35|甲有下列財產權，試問：何者得單獨成為甲向乙融資時，設定權利質權之標的物？|C車之最高限額質權|0
35|甲有下列財產權，試問：何者得單獨成為甲向乙融資時，設定權利質權之標的物？|D公司之股票|1
36|甲將土地為乙設定普通抵押權後，再於該地建築房屋，該地遭債權人乙拍賣，由丙拍定並登記為所有權人後，甲之房屋遭遇地震全毀。下列敘述，何者正確？|甲得重新建築房屋|0
36|甲將土地為乙設定普通抵押權後，再於該地建築房屋，該地遭債權人乙拍賣，由丙拍定並登記為所有權人後，甲之房屋遭遇地震全毀。下列敘述，何者正確？|甲之地上權不受影響|0
36|甲將土地為乙設定普通抵押權後，再於該地建築房屋，該地遭債權人乙拍賣，由丙拍定並登記為所有權人後，甲之房屋遭遇地震全毀。下列敘述，何者正確？|甲得於2年內重建該屋|0
36|甲將土地為乙設定普通抵押權後，再於該地建築房屋，該地遭債權人乙拍賣，由丙拍定並登記為所有權人後，甲之房屋遭遇地震全毀。下列敘述，何者正確？|甲如繼續占有該地成為無權占有|1
37|甲在畫廊賣價值100萬元的A畫，已與人簽定買賣契約，嗣後該A畫竟遭乙將之盜走，致甲無法給付A畫於買受人，其性質上屬於下列何種給付不能？|自始主觀給付不能|0
37|甲在畫廊賣價值100萬元的A畫，已與人簽定買賣契約，嗣後該A畫竟遭乙將之盜走，致甲無法給付A畫於買受人，其性質上屬於下列何種給付不能？|嗣後主觀給付不能|1
37|甲在畫廊賣價值100萬元的A畫，已與人簽定買賣契約，嗣後該A畫竟遭乙將之盜走，致甲無法給付A畫於買受人，其性質上屬於下列何種給付不能？|自始客觀給付不能|0
37|甲在畫廊賣價值100萬元的A畫，已與人簽定買賣契約，嗣後該A畫竟遭乙將之盜走，致甲無法給付A畫於買受人，其性質上屬於下列何種給付不能？|嗣後客觀給付不能|0
38|甲向乙借款新臺幣1千萬元，將其所有之房屋以附買回條件之方式出售予乙，契約約定自買賣契約成立滿4年後始得買回，甲於契約成立後之第6年向乙主張買回其房屋，問下列有關買回權之敘述何者錯誤？|甲僅須表示買回標的物之意思即可，不必將約定之價金提出，買回契約即生效力|1
38|甲向乙借款新臺幣1千萬元，將其所有之房屋以附買回條件之方式出售予乙，契約約定自買賣契約成立滿4年後始得買回，甲於契約成立後之第6年向乙主張買回其房屋，問下列有關買回權之敘述何者錯誤？|買回權性質上是一種形成權|0
38|甲向乙借款新臺幣1千萬元，將其所有之房屋以附買回條件之方式出售予乙，契約約定自買賣契約成立滿4年後始得買回，甲於契約成立後之第6年向乙主張買回其房屋，問下列有關買回權之敘述何者錯誤？|甲乙之間之買回契約是一種再買賣契約|0
38|甲向乙借款新臺幣1千萬元，將其所有之房屋以附買回條件之方式出售予乙，契約約定自買賣契約成立滿4年後始得買回，甲於契約成立後之第6年向乙主張買回其房屋，問下列有關買回權之敘述何者錯誤？|甲於第6年始主張買回其房屋，買回權已消滅|0
39|下列何者非為人事保證契約之法定消滅事由？|保證之期間屆滿|0
39|下列何者非為人事保證契約之法定消滅事由？|受僱人之僱傭關係消滅|0
39|下列何者非為人事保證契約之法定消滅事由？|僱用人死亡、破產或喪失行為能力|1
39|下列何者非為人事保證契約之法定消滅事由？|保證人死亡、破產或喪失行為能力|0
40|下列有關收養效力之敘述，何者正確？|養子女與養父母及本生父母間同時維持婚生子女關係|0
40|下列有關收養效力之敘述，何者正確？|養子女從收養者之姓，不得維持本生父母原來之姓|0
40|下列有關收養效力之敘述，何者正確？|夫妻之一方收養他方子女時，他方與其子女之關係不受影響|1
40|下列有關收養效力之敘述，何者正確？|收養之效力及於被收養者於收養時已有之成年子女|0
41|甲收養乙男丙女為養子女。乙、丙長大後各自婚嫁。乙生有一子丁，丙生有一女戊。丁、戊成年後結婚，其婚姻效力如何？|無效|0
41|甲收養乙男丙女為養子女。乙、丙長大後各自婚嫁。乙生有一子丁，丙生有一女戊。丁、戊成年後結婚，其婚姻效力如何？|有效|1
41|甲收養乙男丙女為養子女。乙、丙長大後各自婚嫁。乙生有一子丁，丙生有一女戊。丁、戊成年後結婚，其婚姻效力如何？|得撤銷|0
41|甲收養乙男丙女為養子女。乙、丙長大後各自婚嫁。乙生有一子丁，丙生有一女戊。丁、戊成年後結婚，其婚姻效力如何？|效力未定|0
42|甲收養乙為養女，甲妻丙去世後，甲終止乙之收養，甲乙卻日久生情擬結婚，可否？|不可，縱使終止收養，仍在禁婚之範圍|1
42|甲收養乙為養女，甲妻丙去世後，甲終止乙之收養，甲乙卻日久生情擬結婚，可否？|可，甲乙已非親屬關係，不在禁婚範圍|0
42|甲收養乙為養女，甲妻丙去世後，甲終止乙之收養，甲乙卻日久生情擬結婚，可否？|不可，甲乙仍為擬制血親|0
42|甲收養乙為養女，甲妻丙去世後，甲終止乙之收養，甲乙卻日久生情擬結婚，可否？|可，禁婚之限制，不適用於收養關係|0
43|收養成年人為養子女，其收養自何時發生效力？|雙方意思表示一致時|0
43|收養成年人為養子女，其收養自何時發生效力？|法院認可收養裁定確定時，溯及收養書面契約成立時|1
43|收養成年人為養子女，其收養自何時發生效力？|聲請法院認可時|0
43|收養成年人為養子女，其收養自何時發生效力？|法院認可裁定確定時|0
44|甲中年喪妻有子女丙、丁、戊三人，均已成年但均未婚。其後，甲與乙女結婚。丙死亡時留下大量遺產。當時乙已懷胎，甲依法拋棄繼承。丁、戊乃就丙之遺產為協議分割。下列敘述，何者正確？|丁、戊之協議分割為有效|0
44|甲中年喪妻有子女丙、丁、戊三人，均已成年但均未婚。其後，甲與乙女結婚。丙死亡時留下大量遺產。當時乙已懷胎，甲依法拋棄繼承。丁、戊乃就丙之遺產為協議分割。下列敘述，何者正確？|甲、乙得以法定代理人之身分，代理胎兒請求重行分割|0
44|甲中年喪妻有子女丙、丁、戊三人，均已成年但均未婚。其後，甲與乙女結婚。丙死亡時留下大量遺產。當時乙已懷胎，甲依法拋棄繼承。丁、戊乃就丙之遺產為協議分割。下列敘述，何者正確？|甲、乙得以法定代理人之身分，代理胎兒行使繼承回復請求權|1
44|甲中年喪妻有子女丙、丁、戊三人，均已成年但均未婚。其後，甲與乙女結婚。丙死亡時留下大量遺產。當時乙已懷胎，甲依法拋棄繼承。丁、戊乃就丙之遺產為協議分割。下列敘述，何者正確？|丁、戊之協議分割為效力未定|0
45|下列何者得為遺囑執行人？|已結婚之未成年人|0
45|下列何者得為遺囑執行人？|受監護宣告之人|0
45|下列何者得為遺囑執行人？|受輔助宣告之人|0
45|下列何者得為遺囑執行人？|已成年之繼承人|1
46|下列何者，不屬於生前贈與歸扣之範圍？|出國留學費用|1
46|下列何者，不屬於生前贈與歸扣之範圍？|因離鄉工作而在外購屋之頭期款|0
46|下列何者，不屬於生前贈與歸扣之範圍？|結婚宴客之花費|0
46|下列何者，不屬於生前贈與歸扣之範圍？|經營小吃店之擺設|0
47|關於遺囑能力，下列敘述，何者正確？|受輔助宣告之人無須經輔助人之同意，得獨立為遺贈|0
47|關於遺囑能力，下列敘述，何者正確？|受監護宣告之人經監護人之同意後，得獨立為遺贈|0
47|關於遺囑能力，下列敘述，何者正確？|16歲以上未受監護宣告之未成年人無須經法定代理人之同意，得獨立為遺贈|1
47|關於遺囑能力，下列敘述，何者正確？|受監護宣告之人由監護人代為遺贈|0
48|甲丙結婚30年，育有2子後離婚，甲於過世前3年與乙再婚，留有遺產6千萬元。該遺產應如何分配？|全由乙繼承|0
48|甲丙結婚30年，育有2子後離婚，甲於過世前3年與乙再婚，留有遺產6千萬元。該遺產應如何分配？|由乙與2子共同繼承|1
48|甲丙結婚30年，育有2子後離婚，甲於過世前3年與乙再婚，留有遺產6千萬元。該遺產應如何分配？|由乙丙與2子共同繼承|0
48|甲丙結婚30年，育有2子後離婚，甲於過世前3年與乙再婚，留有遺產6千萬元。該遺產應如何分配？|由2子繼承|0
49|民法債編第244條有撤銷債權詐害行為之規定。民國91年修法時，民法親屬編增訂第1020條之1規定：夫妻之一方得撤銷他方於婚姻關係存續中詐害剩餘財產分配請求權之行為。有關此等保全措施之適用，下列敘述何者錯誤？|剩餘財產分配請求權於法定財產制關係消滅時始發生，在該時點之前無法直接適用民法第244條|0
49|民法債編第244條有撤銷債權詐害行為之規定。民國91年修法時，民法親屬編增訂第1020條之1規定：夫妻之一方得撤銷他方於婚姻關係存續中詐害剩餘財產分配請求權之行為。有關此等保全措施之適用，下列敘述何者錯誤？|第1020條之1之撤銷權之除斥期間，較第244條之撤銷權之除斥期間為短|0
49|民法債編第244條有撤銷債權詐害行為之規定。民國91年修法時，民法親屬編增訂第1020條之1規定：夫妻之一方得撤銷他方於婚姻關係存續中詐害剩餘財產分配請求權之行為。有關此等保全措施之適用，下列敘述何者錯誤？|對於無償行為，第1020條之1規定「履行道德上義務所為之相當贈與」不得撤銷，第244條則未規定|0
49|民法債編第244條有撤銷債權詐害行為之規定。民國91年修法時，民法親屬編增訂第1020條之1規定：夫妻之一方得撤銷他方於婚姻關係存續中詐害剩餘財產分配請求權之行為。有關此等保全措施之適用，下列敘述何者錯誤？|第244條、第1020條之1皆有「詐害行為撤銷後，法院得命受益人或轉得人回復原狀」之規定|1
50|甲夫乙妻育有5歲之A子，然因感情不睦而離婚，有關定A子權利義務之行使負擔，下列敘述，何者錯誤？|甲乙得依協議由一方任之|0
50|甲夫乙妻育有5歲之A子，然因感情不睦而離婚，有關定A子權利義務之行使負擔，下列敘述，何者錯誤？|甲乙得依協議由雙方共同任之|0
50|甲夫乙妻育有5歲之A子，然因感情不睦而離婚，有關定A子權利義務之行使負擔，下列敘述，何者錯誤？|甲乙協議不成，應由親屬會議決定之|1
50|甲夫乙妻育有5歲之A子，然因感情不睦而離婚，有關定A子權利義務之行使負擔，下列敘述，何者錯誤？|甲乙協議不利子女者，法院得依職權改定之|0
51|a1、a2……、a15等人於民國98年5月間一起搭乘甲運輸公司之遊覽車出遊，因該車司機不慎而發生車禍，導致a1、a2……、a15各發生身體及財產上損害。若a1、a2……、a15擬以選定當事人方式選定a1、a2進行訴訟，試問下列敘述何者正確？|a1、a2為全體所提訴訟，其判決效力僅及於a1、a2|0
51|a1、a2……、a15等人於民國98年5月間一起搭乘甲運輸公司之遊覽車出遊，因該車司機不慎而發生車禍，導致a1、a2……、a15各發生身體及財產上損害。若a1、a2……、a15擬以選定當事人方式選定a1、a2進行訴訟，試問下列敘述何者正確？|在未有特別約定下，a1、a2為全體所提訴訟，其訴之聲明應表明給付全體被害人所請求金額總數予a1、a2|0
51|a1、a2……、a15等人於民國98年5月間一起搭乘甲運輸公司之遊覽車出遊，因該車司機不慎而發生車禍，導致a1、a2……、a15各發生身體及財產上損害。若a1、a2……、a15擬以選定當事人方式選定a1、a2進行訴訟，試問下列敘述何者正確？|被選定人a1之更換，應得其他選定人全體同意|1
51|a1、a2……、a15等人於民國98年5月間一起搭乘甲運輸公司之遊覽車出遊，因該車司機不慎而發生車禍，導致a1、a2……、a15各發生身體及財產上損害。若a1、a2……、a15擬以選定當事人方式選定a1、a2進行訴訟，試問下列敘述何者正確？|除非有特別授權，被選定人無為選定人成立訴訟上和解之權利|0
52|下列關於參加人之法律地位，何者正確？|參加人得逕以自己之名義，提起上訴|0
52|下列關於參加人之法律地位，何者正確？|參加人以被參加人之名義提起再審之訴，應得被參加人之同意|0
52|下列關於參加人之法律地位，何者正確？|被參加人撤回起訴時，應得參加人同意|0
52|下列關於參加人之法律地位，何者正確？|參加人參加訴訟時，就被參加人已表明不提出之攻擊防禦方法，參加人不得再予提出|1
53|下列關於調解程序之敘述，何者錯誤？|因道路交通事故或醫療糾紛發生爭執者，不論其請求標的之金額是否逾新臺幣50萬元，於起訴前，均應經法院調解|0
53|下列關於調解程序之敘述，何者錯誤？|兩造可就財產權爭議之調解同意委由調解委員酌定調解條款，於調解委員作成之書面調解條款經法官核定後，即視為調解成立|0
53|下列關於調解程序之敘述，何者錯誤？|法官依民事訴訟法規定命當事人本人於調解期日到場，雖本人無正當理由未到場，但若已委託代理人到場者，法院即不得裁罰|1
53|下列關於調解程序之敘述，何者錯誤？|調解之聲請如屬金融機構因消費借貸契約或信用卡契約有所請求者，法院得逕以裁定駁回聲請|0
54|關於言詞辯論前之準備，下列何者錯誤？|受命法官或審判長得於不公開法庭進行爭點整理|0
54|關於言詞辯論前之準備，下列何者錯誤？|於合議審判之事件，證據調查一律應由合議庭為之，兩造不得合意由受命法官調查證據|1
54|關於言詞辯論前之準備，下列何者錯誤？|於合議審判之事件，受命法官得命當事人就事實為陳述|0
54|關於言詞辯論前之準備，下列何者錯誤？|受訴法院得行鑑定|0
55|X起訴請求Y給付買賣價金500萬元，第一審法院判決X就300萬元之請求給付有理由，其餘之訴駁回。針對此判決，Y就命其給付中的200萬元部分提起上訴，X於上訴期間內則未聲明上訴。第二審法院經實體審理後，判決Y上訴有理由；對此第二審判決，經X提起第三審上訴後，最高法院將第二審判決廢棄發回。試問：在第二審之更審程序中，X得否就其原在第一審受不利判決之200萬元部分聲明不服？|可以，因為基於上訴不可分原則，第一審判決關於X敗訴的200萬元部分尚未確定|0
55|X起訴請求Y給付買賣價金500萬元，第一審法院判決X就300萬元之請求給付有理由，其餘之訴駁回。針對此判決，Y就命其給付中的200萬元部分提起上訴，X於上訴期間內則未聲明上訴。第二審法院經實體審理後，判決Y上訴有理由；對此第二審判決，經X提起第三審上訴後，最高法院將第二審判決廢棄發回。試問：在第二審之更審程序中，X得否就其原在第一審受不利判決之200萬元部分聲明不服？|可以，因為基於附隨一體性的法理，第一審判決關於X敗訴的200萬元部分尚未確定|0
55|X起訴請求Y給付買賣價金500萬元，第一審法院判決X就300萬元之請求給付有理由，其餘之訴駁回。針對此判決，Y就命其給付中的200萬元部分提起上訴，X於上訴期間內則未聲明上訴。第二審法院經實體審理後，判決Y上訴有理由；對此第二審判決，經X提起第三審上訴後，最高法院將第二審判決廢棄發回。試問：在第二審之更審程序中，X得否就其原在第一審受不利判決之200萬元部分聲明不服？|不可以，因為第一審判決關於X敗訴的200萬元部分，在X收受第一審判決送達後之20日不變期間經過後，因X未聲明上訴即已確定|0
55|X起訴請求Y給付買賣價金500萬元，第一審法院判決X就300萬元之請求給付有理由，其餘之訴駁回。針對此判決，Y就命其給付中的200萬元部分提起上訴，X於上訴期間內則未聲明上訴。第二審法院經實體審理後，判決Y上訴有理由；對此第二審判決，經X提起第三審上訴後，最高法院將第二審判決廢棄發回。試問：在第二審之更審程序中，X得否就其原在第一審受不利判決之200萬元部分聲明不服？|不可以，因為X在原來第二審上訴程序中未聲明附帶上訴，第一審判決關於X敗訴的200萬元部分因而歸於確定|1
56|關於得為執行名義之文書，下列何選項之敘述均屬正確？|①內容為被告願給付原告新臺幣100萬元之法院和解筆錄|1
56|關於得為執行名義之文書，下列何選項之敘述均屬正確？|②內容為債務人應給付債權人新臺幣20萬元之確定支付命令|1
56|關於得為執行名義之文書，下列何選項之敘述均屬正確？|③內容為准兩造離婚之確定判決|0
56|關於得為執行名義之文書，下列何選項之敘述均屬正確？|④內容為被告應將A地返還原告且同時宣告得假執行之判決|1
57|原告委任事務所不在同一處所之甲律師及乙律師為共同訴訟代理人並指定為送達代收人，請求被告返還借款，均授與上訴特別代理權。第一審法院判決原告敗訴，書記官先分別以原告、甲律師及乙律師為應受送達人，而為送達。郵務人員先將判決書送至乙律師事務所，適乙出國，乃交由乙之助理丁簽收，丁於乙律師回國後，將判決書呈交予乙；將判決書送至原告住所，交由原告配偶收受；將判決書送至甲律師事務所，因甲於前日發生重大車禍，成無意識狀態，送醫急救中，乃交由甲之助理丙收受。原告不服本判決，欲提起上訴，其上訴不變期間應自何時起算？|原告配偶收受判決書翌日|0
57|原告委任事務所不在同一處所之甲律師及乙律師為共同訴訟代理人並指定為送達代收人，請求被告返還借款，均授與上訴特別代理權。第一審法院判決原告敗訴，書記官先分別以原告、甲律師及乙律師為應受送達人，而為送達。郵務人員先將判決書送至乙律師事務所，適乙出國，乃交由乙之助理丁簽收，丁於乙律師回國後，將判決書呈交予乙；將判決書送至原告住所，交由原告配偶收受；將判決書送至甲律師事務所，因甲於前日發生重大車禍，成無意識狀態，送醫急救中，乃交由甲之助理丙收受。原告不服本判決，欲提起上訴，其上訴不變期間應自何時起算？|甲之助理丙收受判決書翌日|0
57|原告委任事務所不在同一處所之甲律師及乙律師為共同訴訟代理人並指定為送達代收人，請求被告返還借款，均授與上訴特別代理權。第一審法院判決原告敗訴，書記官先分別以原告、甲律師及乙律師為應受送達人，而為送達。郵務人員先將判決書送至乙律師事務所，適乙出國，乃交由乙之助理丁簽收，丁於乙律師回國後，將判決書呈交予乙；將判決書送至原告住所，交由原告配偶收受；將判決書送至甲律師事務所，因甲於前日發生重大車禍，成無意識狀態，送醫急救中，乃交由甲之助理丙收受。原告不服本判決，欲提起上訴，其上訴不變期間應自何時起算？|乙之助理丁收受判決書翌日|1
57|原告委任事務所不在同一處所之甲律師及乙律師為共同訴訟代理人並指定為送達代收人，請求被告返還借款，均授與上訴特別代理權。第一審法院判決原告敗訴，書記官先分別以原告、甲律師及乙律師為應受送達人，而為送達。郵務人員先將判決書送至乙律師事務所，適乙出國，乃交由乙之助理丁簽收，丁於乙律師回國後，將判決書呈交予乙；將判決書送至原告住所，交由原告配偶收受；將判決書送至甲律師事務所，因甲於前日發生重大車禍，成無意識狀態，送醫急救中，乃交由甲之助理丙收受。原告不服本判決，欲提起上訴，其上訴不變期間應自何時起算？|乙之助理丁將判決書呈交乙翌日|0
58|甲（住臺北市仁愛路）基於所有物返還請求權，向臺北地方法院對乙（住臺北市博愛路）訴請返還A屋（位於高雄市，起訴時價值3億元），乙抗辯其對A屋有使用權，非無權占有，甲則否認曾同意乙使用A屋。第一審及第二審法院均判決甲勝訴，乙於上訴期間內提起第三審上訴，指摘下級審法院對本訴訟無管轄權。試問下列有關第三審法院應如何處理之敘述，何者最符合我國民事訴訟法之規定？|上訴不合法，裁定駁回，因為下級審法院管轄是否有誤，非屬得提起第三審上訴之理由|0
58|甲（住臺北市仁愛路）基於所有物返還請求權，向臺北地方法院對乙（住臺北市博愛路）訴請返還A屋（位於高雄市，起訴時價值3億元），乙抗辯其對A屋有使用權，非無權占有，甲則否認曾同意乙使用A屋。第一審及第二審法院均判決甲勝訴，乙於上訴期間內提起第三審上訴，指摘下級審法院對本訴訟無管轄權。試問下列有關第三審法院應如何處理之敘述，何者最符合我國民事訴訟法之規定？|上訴無理由，判決駁回，因為乙未於第一審程序中抗辯法院無管轄權，已生應訴管轄之效果|0
58|甲（住臺北市仁愛路）基於所有物返還請求權，向臺北地方法院對乙（住臺北市博愛路）訴請返還A屋（位於高雄市，起訴時價值3億元），乙抗辯其對A屋有使用權，非無權占有，甲則否認曾同意乙使用A屋。第一審及第二審法院均判決甲勝訴，乙於上訴期間內提起第三審上訴，指摘下級審法院對本訴訟無管轄權。試問下列有關第三審法院應如何處理之敘述，何者最符合我國民事訴訟法之規定？|上訴有理由，將第二審判決廢棄，發回第二審法院|0
58|甲（住臺北市仁愛路）基於所有物返還請求權，向臺北地方法院對乙（住臺北市博愛路）訴請返還A屋（位於高雄市，起訴時價值3億元），乙抗辯其對A屋有使用權，非無權占有，甲則否認曾同意乙使用A屋。第一審及第二審法院均判決甲勝訴，乙於上訴期間內提起第三審上訴，指摘下級審法院對本訴訟無管轄權。試問下列有關第三審法院應如何處理之敘述，何者最符合我國民事訴訟法之規定？|上訴有理由，將第一審及第二審判決均廢棄，移送訴訟於高雄地方法院管轄|1
59|甲為開設餐廳，邀乙為連帶保證人，保證甲向丙銀行貸款新臺幣1千萬元整；另甲之好友丁並提供座落桃園市之A地為丙銀行設定抵押權，以擔保該借款債務之履行。詎料事後甲未依約償還該借款。問：下列何選項所述者均可為丙銀行實現借款債權之途徑？|①丙銀行可以甲、乙、丁為共同被告起訴請求給付該筆借款|0
59|甲為開設餐廳，邀乙為連帶保證人，保證甲向丙銀行貸款新臺幣1千萬元整；另甲之好友丁並提供座落桃園市之A地為丙銀行設定抵押權，以擔保該借款債務之履行。詎料事後甲未依約償還該借款。問：下列何選項所述者均可為丙銀行實現借款債權之途徑？|②丙銀行可單獨以乙為被告起訴請求返還該筆借款|1
59|甲為開設餐廳，邀乙為連帶保證人，保證甲向丙銀行貸款新臺幣1千萬元整；另甲之好友丁並提供座落桃園市之A地為丙銀行設定抵押權，以擔保該借款債務之履行。詎料事後甲未依約償還該借款。問：下列何選項所述者均可為丙銀行實現借款債權之途徑？|③丙銀行可對乙、丁向法院聲請發給給付該款項之支付命令|0
59|甲為開設餐廳，邀乙為連帶保證人，保證甲向丙銀行貸款新臺幣1千萬元整；另甲之好友丁並提供座落桃園市之A地為丙銀行設定抵押權，以擔保該借款債務之履行。詎料事後甲未依約償還該借款。問：下列何選項所述者均可為丙銀行實現借款債權之途徑？|④丙銀行可聲請法院對乙在戊銀行之存款為假處分，禁止其提領該存款|0
59|甲為開設餐廳，邀乙為連帶保證人，保證甲向丙銀行貸款新臺幣1千萬元整；另甲之好友丁並提供座落桃園市之A地為丙銀行設定抵押權，以擔保該借款債務之履行。詎料事後甲未依約償還該借款。問：下列何選項所述者均可為丙銀行實現借款債權之途徑？|⑤丙銀行可對丁之A地聲請法院為准予拍賣之裁定|1
60|居住甲地之A積欠住乙地之B借款100萬元，某日A與居住丙地之C，至B之住處再度商洽借款，為B所拒。A與C當場聯手毆傷B，事後B列A、C為共同被告請求損害賠償，並對A合併請求返還借款，向B住所地之乙法院起訴，乙法院可否裁定移送他法院？|得裁定移送A住所地法院|0
60|居住甲地之A積欠住乙地之B借款100萬元，某日A與居住丙地之C，至B之住處再度商洽借款，為B所拒。A與C當場聯手毆傷B，事後B列A、C為共同被告請求損害賠償，並對A合併請求返還借款，向B住所地之乙法院起訴，乙法院可否裁定移送他法院？|得裁定移送A或C住所地法院|0
60|居住甲地之A積欠住乙地之B借款100萬元，某日A與居住丙地之C，至B之住處再度商洽借款，為B所拒。A與C當場聯手毆傷B，事後B列A、C為共同被告請求損害賠償，並對A合併請求返還借款，向B住所地之乙法院起訴，乙法院可否裁定移送他法院？|得將借款請求權部分裁定移送A住所地法院|0
60|居住甲地之A積欠住乙地之B借款100萬元，某日A與居住丙地之C，至B之住處再度商洽借款，為B所拒。A與C當場聯手毆傷B，事後B列A、C為共同被告請求損害賠償，並對A合併請求返還借款，向B住所地之乙法院起訴，乙法院可否裁定移送他法院？|不得裁定移送他法院|1
61|下列有關「準備程序」之敘述，何者錯誤？|行合議審判之訴訟事件，法院為準備言詞辯論，得以受命法官進行準備程序，以闡明訴訟關係或在一定條件下調查證據|0
61|下列有關「準備程序」之敘述，何者錯誤？|準備程序與言詞辯論程序不同。故兩造遲誤準備程序期日者，並不生視為合意停止訴訟程序之效果|0
61|下列有關「準備程序」之敘述，何者錯誤？|準備程序與言詞辯論程序不同。故在準備程序進行至終結時，並不須如宣示言詞辯論終結般，另告知當事人準備程序終結，以求審判之進行有效率而保護當事人之程序利益|1
61|下列有關「準備程序」之敘述，何者錯誤？|未於準備程序中主張之事項，除非有「屬法院應依職權調查之事項」、「該事項不甚延滯訴訟」、「因不可歸責於當事人之事由不能於準備程序提出」或「依其他情形顯失公平」外，於準備程序後所進行之言詞辯論時，即不得再主張|0
62|甲在99年8月1日起訴請求法院判命被告乙應給付甲新臺幣100萬元及自民國○年○月○日起至清償日為止按年利率百分之五計付利息。甲所陳述之事實及理由略為：乙曾在民國96年7月1日向甲借款新臺幣100萬元，約定1年後還款，還款日屆至後，乙於民國97年7月1日簽發一張即期支票給甲，作為償還對甲之借款。詎料甲為付款之提示時，遭付款銀行拒絕付款。為此提起本件訴訟，請求法院判決命乙應返還該款項云云。下列敘述何者正確？|本件訴訟甲未載明其依實體法上何項請求權基礎起訴，故為起訴不合法|0
62|甲在99年8月1日起訴請求法院判命被告乙應給付甲新臺幣100萬元及自民國○年○月○日起至清償日為止按年利率百分之五計付利息。甲所陳述之事實及理由略為：乙曾在民國96年7月1日向甲借款新臺幣100萬元，約定1年後還款，還款日屆至後，乙於民國97年7月1日簽發一張即期支票給甲，作為償還對甲之借款。詎料甲為付款之提示時，遭付款銀行拒絕付款。為此提起本件訴訟，請求法院判決命乙應返還該款項云云。下列敘述何者正確？|本件訴訟標的顯然為票款給付請求權|0
62|甲在99年8月1日起訴請求法院判命被告乙應給付甲新臺幣100萬元及自民國○年○月○日起至清償日為止按年利率百分之五計付利息。甲所陳述之事實及理由略為：乙曾在民國96年7月1日向甲借款新臺幣100萬元，約定1年後還款，還款日屆至後，乙於民國97年7月1日簽發一張即期支票給甲，作為償還對甲之借款。詎料甲為付款之提示時，遭付款銀行拒絕付款。為此提起本件訴訟，請求法院判決命乙應返還該款項云云。下列敘述何者正確？|本件訴訟之訴訟標的尚未特定，不合於起訴之程式，法院應逕駁回起訴|0
62|甲在99年8月1日起訴請求法院判命被告乙應給付甲新臺幣100萬元及自民國○年○月○日起至清償日為止按年利率百分之五計付利息。甲所陳述之事實及理由略為：乙曾在民國96年7月1日向甲借款新臺幣100萬元，約定1年後還款，還款日屆至後，乙於民國97年7月1日簽發一張即期支票給甲，作為償還對甲之借款。詎料甲為付款之提示時，遭付款銀行拒絕付款。為此提起本件訴訟，請求法院判決命乙應返還該款項云云。下列敘述何者正確？|本件起訴狀上關於訴訟上請求之表明仍有不明瞭之處，審判長應曉諭原告敘明或為補充|1
63|甲以乙積欠借款新臺幣1000萬元尚未清償為由，訴請乙清償借款，法院審理時，原告甲提出借據一紙及聲明訊問證人A，以證明兩造確有借款之事實，問乙所為下列何種訴訟行為屬於反證？|乙稱：借據係甲所偽造|0
63|甲以乙積欠借款新臺幣1000萬元尚未清償為由，訴請乙清償借款，法院審理時，原告甲提出借據一紙及聲明訊問證人A，以證明兩造確有借款之事實，問乙所為下列何種訴訟行為屬於反證？|乙稱：借據係其戲謔行為|0
63|甲以乙積欠借款新臺幣1000萬元尚未清償為由，訴請乙清償借款，法院審理時，原告甲提出借據一紙及聲明訊問證人A，以證明兩造確有借款之事實，問乙所為下列何種訴訟行為屬於反證？|乙提出甲之信函以證明乙無借款之事實|1
63|甲以乙積欠借款新臺幣1000萬元尚未清償為由，訴請乙清償借款，法院審理時，原告甲提出借據一紙及聲明訊問證人A，以證明兩造確有借款之事實，問乙所為下列何種訴訟行為屬於反證？|乙稱：證人A係屬偽證|0
64|原告甲以其受乙傷害為由，依損害賠償之法律關係起訴請求被告乙賠償損害，於法院審理時，原告所為下列何種聲請，法院得不必加以調查？|甲主張被乙打傷時，有A、B兩人在場，聲請訊問證人A、B|0
64|原告甲以其受乙傷害為由，依損害賠償之法律關係起訴請求被告乙賠償損害，於法院審理時，原告所為下列何種聲請，法院得不必加以調查？|甲主張乙平日素行不良，經常無故傷人，有C、D兩人可證，聲請訊問證人C、D|1
64|原告甲以其受乙傷害為由，依損害賠償之法律關係起訴請求被告乙賠償損害，於法院審理時，原告所為下列何種聲請，法院得不必加以調查？|甲主張其因受傷住院3個月，僱請特別看護E照顧，支出特別看護費新臺幣10萬元，聲請訊問證人E|0
64|原告甲以其受乙傷害為由，依損害賠償之法律關係起訴請求被告乙賠償損害，於法院審理時，原告所為下列何種聲請，法院得不必加以調查？|甲主張其因受傷影響，半年未能工作，減少收入18萬元，有其原雇主F可資證明，聲請訊問證人F|0
65|甲基於侵權行為之損害賠償請求權，訴請法院命乙賠償損害額新臺幣100萬元，法院於訴訟進行中試行和解，第三人丙（乙之父親）經法院之許可而參加和解，兩造及丙就和解之意思已甚接近，但關於損害賠償數額部分尚有些許差距。兩造及丙乃向法院表明願由法院在40至80萬元之範圍內擇一適當數額作為賠償額，並由被告乙與丙就該數額及訴訟費用負連帶清償責任而定和解方案等語，法院乃據前開聲請，定和解方案如下：「⑴乙丙願連帶給付甲新臺幣70萬元⑵甲其餘請求拋棄⑶訴訟費用由乙及丙連帶負擔」。下列敘述，何者錯誤？|有關聲請法院定和解方案之聲請，應以書狀聲請，不得以言詞為之|0
65|甲基於侵權行為之損害賠償請求權，訴請法院命乙賠償損害額新臺幣100萬元，法院於訴訟進行中試行和解，第三人丙（乙之父親）經法院之許可而參加和解，兩造及丙就和解之意思已甚接近，但關於損害賠償數額部分尚有些許差距。兩造及丙乃向法院表明願由法院在40至80萬元之範圍內擇一適當數額作為賠償額，並由被告乙與丙就該數額及訴訟費用負連帶清償責任而定和解方案等語，法院乃據前開聲請，定和解方案如下：「⑴乙丙願連帶給付甲新臺幣70萬元⑵甲其餘請求拋棄⑶訴訟費用由乙及丙連帶負擔」。下列敘述，何者錯誤？|在法院告知或送達前開和解方案前，兩造及丙得任意撤回定和解方案之聲請|0
65|甲基於侵權行為之損害賠償請求權，訴請法院命乙賠償損害額新臺幣100萬元，法院於訴訟進行中試行和解，第三人丙（乙之父親）經法院之許可而參加和解，兩造及丙就和解之意思已甚接近，但關於損害賠償數額部分尚有些許差距。兩造及丙乃向法院表明願由法院在40至80萬元之範圍內擇一適當數額作為賠償額，並由被告乙與丙就該數額及訴訟費用負連帶清償責任而定和解方案等語，法院乃據前開聲請，定和解方案如下：「⑴乙丙願連帶給付甲新臺幣70萬元⑵甲其餘請求拋棄⑶訴訟費用由乙及丙連帶負擔」。下列敘述，何者錯誤？|法院將和解方案告知或送達兩造及丙時，視為和解成立|0
65|甲基於侵權行為之損害賠償請求權，訴請法院命乙賠償損害額新臺幣100萬元，法院於訴訟進行中試行和解，第三人丙（乙之父親）經法院之許可而參加和解，兩造及丙就和解之意思已甚接近，但關於損害賠償數額部分尚有些許差距。兩造及丙乃向法院表明願由法院在40至80萬元之範圍內擇一適當數額作為賠償額，並由被告乙與丙就該數額及訴訟費用負連帶清償責任而定和解方案等語，法院乃據前開聲請，定和解方案如下：「⑴乙丙願連帶給付甲新臺幣70萬元⑵甲其餘請求拋棄⑶訴訟費用由乙及丙連帶負擔」。下列敘述，何者錯誤？|系爭和解成立後，在兩造及丙間均與確定判決有同一之效力|1
66|有關法院之調解與訴訟上和解，下列何者正確？|於開始進行訴訟程序後，受訴法院得視事件之需求而依職權將事件移付調解以解決紛爭|1
66|有關法院之調解與訴訟上和解，下列何者正確？|當事人於第二審程序時，亦得合意將事件移付調解|1
66|有關法院之調解與訴訟上和解，下列何者正確？|法院試行和解僅能以訴訟標的為對象而成立|0
66|有關法院之調解與訴訟上和解，下列何者正確？|法院之調解與訴訟上和解，均為法院所進行之程序，因此當事人所應繳納之程序費用並無不同|0
67|甲主張乙無權占有甲所有之A地，訴請乙返還該地，因乙抗辯其就該地與甲有借貸關係，為有權占用，經法院認定屬實，判決甲敗訴確定（下稱前訴）。嗣甲將A地所有權移轉予丙，丙乃主張乙無權占有A地，訴請乙返還該地（下稱後訴）。下列敘述，何者正確？|後訴之訴之聲明與前訴之訴之聲明必相同|0
67|甲主張乙無權占有甲所有之A地，訴請乙返還該地，因乙抗辯其就該地與甲有借貸關係，為有權占用，經法院認定屬實，判決甲敗訴確定（下稱前訴）。嗣甲將A地所有權移轉予丙，丙乃主張乙無權占有A地，訴請乙返還該地（下稱後訴）。下列敘述，何者正確？|前訴確定判決之既判力不及於丙|0
67|甲主張乙無權占有甲所有之A地，訴請乙返還該地，因乙抗辯其就該地與甲有借貸關係，為有權占用，經法院認定屬實，判決甲敗訴確定（下稱前訴）。嗣甲將A地所有權移轉予丙，丙乃主張乙無權占有A地，訴請乙返還該地（下稱後訴）。下列敘述，何者正確？|經前訴確定判決所判斷甲、乙間之使用借貸關係存在，對丙有既判力|0
67|甲主張乙無權占有甲所有之A地，訴請乙返還該地，因乙抗辯其就該地與甲有借貸關係，為有權占用，經法院認定屬實，判決甲敗訴確定（下稱前訴）。嗣甲將A地所有權移轉予丙，丙乃主張乙無權占有A地，訴請乙返還該地（下稱後訴）。下列敘述，何者正確？|後訴法院如認定甲、乙間之使用借貸關係對丙不繼續存在，可判決丙勝訴|1
68|第一審簡易判決書於下列何種情形不得僅記載主文，應合併記載事實及理由？|基於被告對訴訟標的認諾所為判決|0
68|第一審簡易判決書於下列何種情形不得僅記載主文，應合併記載事實及理由？|法院宣示判決時受不利判決之被告當場履行判決所命給付|0
68|第一審簡易判決書於下列何種情形不得僅記載主文，應合併記載事實及理由？|受敗訴判決之被告於宣判時捨棄上訴權|0
68|第一審簡易判決書於下列何種情形不得僅記載主文，應合併記載事實及理由？|當事人於言詞辯論期日未到場，法院依職權由到場當事人一造辯論而為判決|1
69|有關訴訟費用之下列敘述，何者錯誤？|訴訟費用原則上由敗訴之當事人負擔|0
69|有關訴訟費用之下列敘述，何者錯誤？|被告對於原告關於訴訟標的之主張逕行認諾者，一律由被告負擔訴訟費用|1
69|有關訴訟費用之下列敘述，何者錯誤？|應可歸責於訴訟代理人事由，致生無益之訴訟費用，法院得依職權以裁定命該訴訟代理人負擔|0
69|有關訴訟費用之下列敘述，何者錯誤？|原告於第一審言詞辯論終結前，撤回起訴者，得於撤回後3個月內聲請法院退還其於該審級所繳裁判費三分之二|0
70|甲在路上被乙打傷，當場適有丙（警察）、丁（路人）看到，丙、丁共同將甲送醫院急救，由戊醫師診治，另雇請己為特別看護，嗣甲依侵權行為對乙提起損害賠償之訴，並聲明訊問證人丙丁戊己以證明其被乙所打傷及因傷害有請求損害賠償之必要，受訴法院依其聲明訊問丙丁戊己4人，問何者屬鑑定證人？|丙|0
70|甲在路上被乙打傷，當場適有丙（警察）、丁（路人）看到，丙、丁共同將甲送醫院急救，由戊醫師診治，另雇請己為特別看護，嗣甲依侵權行為對乙提起損害賠償之訴，並聲明訊問證人丙丁戊己以證明其被乙所打傷及因傷害有請求損害賠償之必要，受訴法院依其聲明訊問丙丁戊己4人，問何者屬鑑定證人？|丁|0
70|甲在路上被乙打傷，當場適有丙（警察）、丁（路人）看到，丙、丁共同將甲送醫院急救，由戊醫師診治，另雇請己為特別看護，嗣甲依侵權行為對乙提起損害賠償之訴，並聲明訊問證人丙丁戊己以證明其被乙所打傷及因傷害有請求損害賠償之必要，受訴法院依其聲明訊問丙丁戊己4人，問何者屬鑑定證人？|戊|1
70|甲在路上被乙打傷，當場適有丙（警察）、丁（路人）看到，丙、丁共同將甲送醫院急救，由戊醫師診治，另雇請己為特別看護，嗣甲依侵權行為對乙提起損害賠償之訴，並聲明訊問證人丙丁戊己以證明其被乙所打傷及因傷害有請求損害賠償之必要，受訴法院依其聲明訊問丙丁戊己4人，問何者屬鑑定證人？|己|0
71|乙積欠甲貨款100萬元未還，卻將乙唯一財產之A地以贈與為原因移轉予兒子丙。下列敘述，何者錯誤？|甲主張該贈與係詐害行為，訴請法院撤銷時，應列乙及丙為共同被告，當事人始適格|0
71|乙積欠甲貨款100萬元未還，卻將乙唯一財產之A地以贈與為原因移轉予兒子丙。下列敘述，何者錯誤？|如甲訴請撤銷詐害行為時僅聲明判命丙應塗銷乙、丙間就A地之所有權移轉登記，於訴訟繫屬中得擴張聲明請求撤銷乙、丙間A地所有權移轉行為|0
71|乙積欠甲貨款100萬元未還，卻將乙唯一財產之A地以贈與為原因移轉予兒子丙。下列敘述，何者錯誤？|甲得主張乙、丙間系爭贈與行為是詐害行為或係基於通謀虛偽意思表示為之，而合併請求法院撤銷該贈與、移轉行為及確認該贈與關係不存在、A地所有權屬於乙|0
71|乙積欠甲貨款100萬元未還，卻將乙唯一財產之A地以贈與為原因移轉予兒子丙。下列敘述，何者錯誤？|如甲訴請撤銷詐害行為時僅列乙為被告，於第二審時未經乙及丙之同意，不得追加丙為被告|1
72|甲、乙共有A地，應有部分各二分之一，甲將其應有部分設定抵押權予丙。甲對乙起訴請求裁判分割該地，訴訟繫屬中，乙將其應有部分移轉予丁。下列敘述，何者錯誤？|法院得依職權將訴訟繫屬通知丙|0
72|甲、乙共有A地，應有部分各二分之一，甲將其應有部分設定抵押權予丙。甲對乙起訴請求裁判分割該地，訴訟繫屬中，乙將其應有部分移轉予丁。下列敘述，何者錯誤？|法院判決將該地分割成B、C兩地，分別歸甲、乙取得，於判決確定時，甲、乙分別取得B、C地之單獨所有權|0
72|甲、乙共有A地，應有部分各二分之一，甲將其應有部分設定抵押權予丙。甲對乙起訴請求裁判分割該地，訴訟繫屬中，乙將其應有部分移轉予丁。下列敘述，何者錯誤？|丙已受訴訟告知，於分割判決確定後，其抵押權僅存於甲取得之B地|0
72|甲、乙共有A地，應有部分各二分之一，甲將其應有部分設定抵押權予丙。甲對乙起訴請求裁判分割該地，訴訟繫屬中，乙將其應有部分移轉予丁。下列敘述，何者錯誤？|分割確定判決之效力不及於訴訟繫屬中從乙受讓其應有部分之丁|1
73|受命法官於準備程序調查證據，依民事訴訟法之規定，下列敘述何者不屬受命法官得於準備程序調查證據之情形？|經原告聲請由受命法官調查者|1
73|受命法官於準備程序調查證據，依民事訴訟法之規定，下列敘述何者不屬受命法官得於準備程序調查證據之情形？|有在證據所在地調查之必要者|0
73|受命法官於準備程序調查證據，依民事訴訟法之規定，下列敘述何者不屬受命法官得於準備程序調查證據之情形？|元首為證人時，詢問元首以取得證言|0
73|受命法官於準備程序調查證據，依民事訴訟法之規定，下列敘述何者不屬受命法官得於準備程序調查證據之情形？|證人身患重病，危在旦夕，預見於言詞辯論期日始調查，顯有困難者|0
74|乙向甲借貸70萬元，簽發同額支票作為清償，甲於票載日期提示未獲兌現。甲如欲對乙起訴請求返還，下列敘述，何者錯誤？|甲為迅速取得判決，可主張票款請求權，而依簡易訴訟程序起訴|0
74|乙向甲借貸70萬元，簽發同額支票作為清償，甲於票載日期提示未獲兌現。甲如欲對乙起訴請求返還，下列敘述，何者錯誤？|甲如欲主張票款請求權及借款返還請求權，原則上僅能依通常訴訟程序起訴|0
74|乙向甲借貸70萬元，簽發同額支票作為清償，甲於票載日期提示未獲兌現。甲如欲對乙起訴請求返還，下列敘述，何者錯誤？|甲如欲主張票款請求權及借款返還請求權，可為選擇合併，而請求法院擇一判決其勝訴|0
74|乙向甲借貸70萬元，簽發同額支票作為清償，甲於票載日期提示未獲兌現。甲如欲對乙起訴請求返還，下列敘述，何者錯誤？|甲如欲主張票款請求權及借款返還請求權，不可為預備合併，而請求法院先審判票款請求權|1
75|甲聲請法院對乙核發支付命令，法院於准許核發後，始發現乙現住國外，其國內之應受送達處所不明。問法院應如何送達該支付命令？|公示送達|0
75|甲聲請法院對乙核發支付命令，法院於准許核發後，始發現乙現住國外，其國內之應受送達處所不明。問法院應如何送達該支付命令？|送達乙在國外之住居所|0
75|甲聲請法院對乙核發支付命令，法院於准許核發後，始發現乙現住國外，其國內之應受送達處所不明。問法院應如何送達該支付命令？|不送達，支付命令核發後屆滿3個月未送達，命令失其效力|1
75|甲聲請法院對乙核發支付命令，法院於准許核發後，始發現乙現住國外，其國內之應受送達處所不明。問法院應如何送達該支付命令？|公示送達，並同時送達乙在國外之住居所|0
76|甲列乙為被告，起訴主張甲與乙於某日就A物訂有租約，約定由甲將其所有之A物出租予乙，租金每月新臺幣1萬元整，租期2年，詎料租期屆滿後，乙拒不返還A物，為此本於出租人地位，聲明求為判決命「乙應將A物返還予甲」（下稱第一聲明），並就乙使用A物所受相當於租金之損害金，聲明求為判決「乙應自某年月日起至返還A物之日止按月給付甲新臺幣1萬元」（下稱第二聲明）。下列選項之敘述何者全部正確？|①受訴法院應曉諭甲敘明是否合併本於A物所有人之地位為請求|1
76|甲列乙為被告，起訴主張甲與乙於某日就A物訂有租約，約定由甲將其所有之A物出租予乙，租金每月新臺幣1萬元整，租期2年，詎料租期屆滿後，乙拒不返還A物，為此本於出租人地位，聲明求為判決命「乙應將A物返還予甲」（下稱第一聲明），並就乙使用A物所受相當於租金之損害金，聲明求為判決「乙應自某年月日起至返還A物之日止按月給付甲新臺幣1萬元」（下稱第二聲明）。下列選項之敘述何者全部正確？|②第二聲明含將來給付之訴|1
76|甲列乙為被告，起訴主張甲與乙於某日就A物訂有租約，約定由甲將其所有之A物出租予乙，租金每月新臺幣1萬元整，租期2年，詎料租期屆滿後，乙拒不返還A物，為此本於出租人地位，聲明求為判決命「乙應將A物返還予甲」（下稱第一聲明），並就乙使用A物所受相當於租金之損害金，聲明求為判決「乙應自某年月日起至返還A物之日止按月給付甲新臺幣1萬元」（下稱第二聲明）。下列選項之敘述何者全部正確？|③如乙主張其係有權占有，則乙就「乙有權占有A物」之事實負舉證責任|1
76|甲列乙為被告，起訴主張甲與乙於某日就A物訂有租約，約定由甲將其所有之A物出租予乙，租金每月新臺幣1萬元整，租期2年，詎料租期屆滿後，乙拒不返還A物，為此本於出租人地位，聲明求為判決命「乙應將A物返還予甲」（下稱第一聲明），並就乙使用A物所受相當於租金之損害金，聲明求為判決「乙應自某年月日起至返還A物之日止按月給付甲新臺幣1萬元」（下稱第二聲明）。下列選項之敘述何者全部正確？|④如甲併本於所有人之地位為請求，則甲就「A物為甲所有」之事實一律不必負舉證責任|0
77|X向A承租大樓一間，為期3年，預付保證金200萬元，1年後A將大樓出售與Y，該租約依法在X、Y間繼續生效。但就保證金200萬元部分Y不承認。X乃以Y為被告訴請確認保證金返還請求權存在之訴。下列敘述，何者正確？|若不以判決確定，X對Y之請求權將陷於不安定狀態，故X之請求有訴之利益|1
77|X向A承租大樓一間，為期3年，預付保證金200萬元，1年後A將大樓出售與Y，該租約依法在X、Y間繼續生效。但就保證金200萬元部分Y不承認。X乃以Y為被告訴請確認保證金返還請求權存在之訴。下列敘述，何者正確？|X對Y之請求權內容尚未確定，故X之請求無訴之利益|0
77|X向A承租大樓一間，為期3年，預付保證金200萬元，1年後A將大樓出售與Y，該租約依法在X、Y間繼續生效。但就保證金200萬元部分Y不承認。X乃以Y為被告訴請確認保證金返還請求權存在之訴。下列敘述，何者正確？|X僅以Y為被告，其當事人不適格|0
77|X向A承租大樓一間，為期3年，預付保證金200萬元，1年後A將大樓出售與Y，該租約依法在X、Y間繼續生效。但就保證金200萬元部分Y不承認。X乃以Y為被告訴請確認保證金返還請求權存在之訴。下列敘述，何者正確？|X應以A、Y為共同被告始屬當事人適格|0
78|下列敘述何者正確？|胎兒無當事人能力，應以其法定代理人為訴訟當事人|0
78|下列敘述何者正確？|公寓大廈管理委員會及祭祀公業，依現行法，若符合法定要件，均具備訴訟當事人能力|1
78|下列敘述何者正確？|關於合夥關係所生民事紛爭，不得以合夥人全體作為共同原告或共同被告|0
78|下列敘述何者正確？|分公司及子公司，無論是否係其業務範圍涉訟，均有當事人適格|0
79|對於一造當事人未於第一審程序提出而於第二審程序始提出之新攻擊或防禦方法，第二審法院於判斷是否應准許提出時，下列何選項所敘述之因素是法院不需要考慮者？|該訴訟事件係依通常訴訟程序或簡易訴訟程序進行|1
79|對於一造當事人未於第一審程序提出而於第二審程序始提出之新攻擊或防禦方法，第二審法院於判斷是否應准許提出時，下列何選項所敘述之因素是法院不需要考慮者？|該攻擊防禦方法是否屬於法院應依職權調查之事項|0
79|對於一造當事人未於第一審程序提出而於第二審程序始提出之新攻擊或防禦方法，第二審法院於判斷是否應准許提出時，下列何選項所敘述之因素是法院不需要考慮者？|准許該攻擊防禦方法是否將導致訴訟延滯|0
79|對於一造當事人未於第一審程序提出而於第二審程序始提出之新攻擊或防禦方法，第二審法院於判斷是否應准許提出時，下列何選項所敘述之因素是法院不需要考慮者？|准許該攻擊防禦方法之提出是否將對他造當事人造成不公平的突襲|0
80|乙主張：其執有甲於民國97年8月1日出具之借據，寫明向乙借款新臺幣80萬元整，約定借款期限1年，利息按年息百分之八計算，屆期甲未返還云云，而以甲為被告向法院起訴請求返還，甲抗辯該借款未交付。下列敘述何者正確？|此訴訟應適用簡易程序|0
80|乙主張：其執有甲於民國97年8月1日出具之借據，寫明向乙借款新臺幣80萬元整，約定借款期限1年，利息按年息百分之八計算，屆期甲未返還云云，而以甲為被告向法院起訴請求返還，甲抗辯該借款未交付。下列敘述何者正確？|關於借款已交付之事實，應由乙負舉證責任|1
80|乙主張：其執有甲於民國97年8月1日出具之借據，寫明向乙借款新臺幣80萬元整，約定借款期限1年，利息按年息百分之八計算，屆期甲未返還云云，而以甲為被告向法院起訴請求返還，甲抗辯該借款未交付。下列敘述何者正確？|若此訴訟之請求包括本金及利息，關於利息部分，亦應徵收裁判費|0
80|乙主張：其執有甲於民國97年8月1日出具之借據，寫明向乙借款新臺幣80萬元整，約定借款期限1年，利息按年息百分之八計算，屆期甲未返還云云，而以甲為被告向法院起訴請求返還，甲抗辯該借款未交付。下列敘述何者正確？|依當事人所負真實陳述義務，甲明知該借款已經交付，不得辯稱其未曾收受該筆借款|0
